id,created_at,archivo_origen,sociedad_sap,fondo_sap,centro_gestor_sap,pospre_sap,cuenta_sap,acreedor_sap,contrato_sap,proveedor,rfc_proveedor,lugar_servicio_id,numero_contrato,nombre_contrato,plurianual,tipo_entrega,moneda_documento,numero_oficio_tramite,fecha_oficio_tramite,numero_factura,fecha_factura,periodo_contable,estimado,concepto,importe_moneda_original,iva_moneda_original,total_moneda_original,numero_documento_pasivo,fecha_contable_pasivo,tc_contable_pasivo,importe_pasivo_mxn,iva_pasivo_mxn,total_pasivo_mxn,reviso,comentarios
7c84a8c0-6b0a-4596-bbd9-de6d23daaba5,2026-01-09 01:02:41.585115+00,,N000,A01,N306,7A13,453857,4326979,800832451,TARAHUMARA PIPELINE S DE RL DE CV,,,,GASODUCTO CORREDOR CHIHUAHUA,,servicio,USD,SREN-FP-003/2018,,FE-250,,,false,CFT,4240081.97,678413.11,4918495.08,180000006,2018-01-08,19.242700,81590625.24,13054500.04,94645125.28,,
27515751-11ef-42fa-8ec0-a122c2a46714,2026-01-09 01:02:41.585115+00,,N000,A01,N306,7A13,453857,4326979,800832451,TARAHUMARA PIPELINE S DE RL DE CV,,,,GASODUCTO CORREDOR CHIHUAHUA,,servicio,USD,SREN-FP-003/2018,,FE-250,,,false,CFT,419348.76,67095.80,486444.56,180000007,2018-01-08,19.242700,8069402.36,1291104.38,9360506.73,,
309bbd31-fbf0-4c2d-822b-0280cefdade9,2026-01-09 01:02:41.585115+00,,N000,A01,N306,7A14,453858,4326979,800832773,TARAHUMARA PIPELINE S DE RL DE CV,,,,GASODUCTO CORREDOR CHIHUAHUA,,servicio,USD,SREN-FP-003/2018,,FE-250,,,false,CVT,2109.21,337.47,2446.68,180000012,2018-01-08,19.242700,40586.84,6493.89,47080.73,,
60469f74-674d-467d-a0af-f0c75993fc40,2026-01-09 01:02:41.585115+00,,N000,A01,N306,2280,453851,4326979,800869674,TARAHUMARA PIPELINE S DE RL DE CV,,,,GASODUCTO CORREDOR CHIHUAHUA,,servicio,USD,SREN-007/2019,,358 FE,,,false,CFT,4193478.66,670956.58,4864435.24,180000019,2019-01-08,19.490200,81731737.69,13077078.03,94808815.71,,
0ffdd004-06be-41ba-944e-1dbdf1c29a67,2026-01-09 01:02:41.585115+00,,N000,A01,N306,2280,453851,4326979,800869674,TARAHUMARA PIPELINE S DE RL DE CV,,,,GASODUCTO CORREDOR CHIHUAHUA,,servicio,USD,SREN-007/2019,,358 FE,,,false,CFT,465952.07,74552.33,540504.40,180000020,2019-01-08,19.490200,9081499.03,1453039.85,10534538.88,,
343ede80-c919-4abd-8fd1-7aa93f83d9c0,2026-01-09 01:02:41.585115+00,,N000,A01,N306,2280,453851,4326976,800869676,TARAHUMARA PIPELINE S DE RL DE CV,,,,GASODUCTO CORREDOR CHIHUAHUA-INTERCONEXION ENCINO,,servicio,USD,SREN-007/2019,,359 FE,,,false,CFT,447053.49,71528.56,518582.05,180000021,2018-01-08,19.490200,8713161.96,1394105.91,10107267.87,,
f3fbb1a8-68cd-48f2-baee-6d0a8ad58a07,2026-01-09 01:02:41.585115+00,,N000,A01,N306,2281,453659,4326979,800869678,TARAHUMARA PIPELINE S DE RL DE CV,,,,GASODUCTO CORREDOR CHIHUAHUA,,servicio,USD,SREN-007/2019,,"360 FE, 358 FE",,,false,CVT,4661594.79,745855.17,5407449.96,180000025,2019-01-08,19.490200,90855414.78,14536866.36,105392281.14,,
721717c9-f10f-4b7b-b60a-2922dc425974,2026-01-09 01:02:41.585115+00,,N000,A01,N306,2281,453659,4326979,800912837,TARAHUMARA PIPELINE S DE RL DE CV,,,,GASODUCTO CORREDOR CHIHUAHUA,,servicio,USD,SREN-FP-010/2023,,954 FE,,,false,CVT,383.92,61.43,445.35,180000025,2023-01-11,19.356800,7431.46,1189.03,8620.50,,
cc7cadc3-f0f7-48c6-b4df-8b8d92e935ce,2026-01-09 01:02:41.585115+00,,N000,A01,N306,2281,453659,4326979,800912837,TARAHUMARA PIPELINE S DE RL DE CV,,,,GASODUCTO CORREDOR CHIHUAHUA,,servicio,USD,SREN-FP-010/2023,,956 FE,,,false,CVT,278.12,44.50,322.62,180000026,2023-01-11,19.356800,5383.51,861.36,6244.88,,
69d61d7e-a3e9-4a4a-a4af-349e9eb93f15,2026-01-09 01:02:41.585115+00,,N000,A01,N306,2281,453659,4326979,800912837,TARAHUMARA PIPELINE S DE RL DE CV,,,,GASODUCTO CORREDOR CHIHUAHUA,,servicio,USD,SREN-FP-010/2023,,955 FE,,,false,CVT,152.35,24.38,176.73,180000027,2023-01-11,19.356800,2949.01,471.84,3420.85,,
a3e008aa-655b-404b-b652-09134b5571f1,2026-01-09 01:02:41.585115+00,,N000,A01,N306,2281,453659,4326979,800912837,TARAHUMARA PIPELINE S DE RL DE CV,,,,GASODUCTO CORREDOR CHIHUAHUA,,servicio,USD,SREN-FP-011/2024,,1103 FE,,,false,CVT,2.55,0.41,2.96,180000037,2024-01-09,17.045800,43.47,6.95,50.42,,
7e0856f4-9190-4d23-be97-88d6541d2140,2026-01-09 01:02:41.585115+00,,N000,A01,N306,2281,453659,4326979,800912837,TARAHUMARA PIPELINE S DE RL DE CV,,,,GASODUCTO CORREDOR CHIHUAHUA,,servicio,USD,SREN-FP-011/2024,,1104 FE,,,false,CVT,44.36,7.10,51.46,180000038,2024-01-09,17.045800,756.15,120.98,877.14,,
950de76b-33cb-4acd-bb72-edd02c65f3f1,2026-01-09 01:02:41.585115+00,,N000,A01,N306,2281,453659,4326979,800912837,TARAHUMARA PIPELINE S DE RL DE CV,,,,GASODUCTO CORREDOR CHIHUAHUA,,servicio,USD,SREN-FP-011/2024,,1105 FE,,,false,CVT,162.57,26.01,188.58,180000039,2024-01-09,17.045800,2771.14,443.38,3214.52,,
880a8e5c-50f4-46fe-9dad-2f6be006fe0a,2026-01-09 01:02:41.585115+00,,N000,A01,N306,2281,453659,4326979,800912837,TARAHUMARA PIPELINE S DE RL DE CV,,,,GASODUCTO CORREDOR CHIHUAHUA,,servicio,USD,SREN-FP-003/2024,,55 NCE,,,false,CVT,-401.22,-64.20,-465.42,180000040,2024-01-09,17.045800,-6839.12,-1094.26,-7933.37,,
e51b8c5d-1fa3-45f9-82be-d4fc6c57d0c8,2026-01-09 01:02:41.585115+00,,N000,A01,N306,2281,453659,4326979,800912837,TARAHUMARA PIPELINE S DE RL DE CV,,,,GASODUCTO CORREDOR CHIHUAHUA,,servicio,USD,SREN-FP-003/2024,,56 NCE,,,false,CVT,-8077.50,-1292.40,-9369.90,180000040,2024-01-09,17.045800,-137687.45,-22029.99,-159717.44,,
5f52c878-33dc-4398-8196-42f66bb30802,2026-01-09 01:02:41.585115+00,,N000,A01,N306,2281,453659,4326979,800912837,TARAHUMARA PIPELINE S DE RL DE CV,,,,GASODUCTO CORREDOR CHIHUAHUA,,servicio,USD,SREN-FP-015/2025,,1293 FE,,,false,CVT,71.03,11.36,82.39,180000040,2025-01-09,20.670800,1468.25,234.92,1703.17,,
d740a288-2f81-4225-8c07-03687690de2c,2026-01-09 01:02:41.585115+00,,N000,A01,N306,2281,453659,4326979,800912837,TARAHUMARA PIPELINE S DE RL DE CV,,,,GASODUCTO CORREDOR CHIHUAHUA,,servicio,USD,SREN-FP-015/2025,,57 NCE,,,false,CVT,-294.41,-47.11,-341.52,180000042,2025-01-09,20.670800,-6085.69,-973.71,-7059.40,,
7d9cffbf-8004-4854-acfe-106ce6e483d8,2026-01-09 01:02:41.585115+00,,N000,A01,N306,2281,453659,4326979,800912837,TARAHUMARA PIPELINE S DE RL DE CV,,,,GASODUCTO CORREDOR CHIHUAHUA,,servicio,USD,SREN-FP-015/2025,,58 NCE,,,false,CVT,-83.12,-13.30,-96.42,180000042,2025-01-09,20.670800,-1718.16,-274.91,-1993.06,,
643a0815-f2fe-4b4a-84e1-fe6c66d2c926,2026-01-09 01:02:41.585115+00,,N000,A01,N306,2281,453659,4326979,800912837,TARAHUMARA PIPELINE S DE RL DE CV,,,,GASODUCTO CORREDOR CHIHUAHUA,,servicio,USD,SREN-FP-015/2025,,59 NCE,,,false,CVT,-2082.68,-333.23,-2415.91,180000042,2025-01-09,20.670800,-43050.66,-6888.11,-49938.77,,
814e25cc-9dae-4d44-8bf6-5c3ffe06503b,2026-01-09 01:02:41.585115+00,,N000,A01,N306,2280,453851,4326979,800912792,TARAHUMARA PIPELINE S DE RL DE CV,,,,GASODUCTO CORREDOR CHIHUAHUA,,servicio,USD,SREN-FP-011/2022,,806 FE,,,false,CFT,4690913.36,750546.14,5441459.50,180000059,2022-01-10,20.400000,95683843.44,15309414.95,110993258.39,,
2b46f720-96a8-46e7-b489-909e50ae7fcb,2026-01-09 01:02:41.585115+00,,2502,A02,2277,2233,453882,4326979,800642440,TARAHUMARA PIPELINE S DE RL DE CV,,,,GASODUCTO CORREDOR CHIHUAHUA,,servicio,USD,SREN-04/2015,,FE-05,,,false,CFT,4521956.53,723513.04,5245469.57,180000060,2015-01-08,14.850000,67141558.36,10742649.34,77884207.70,,
74dddb4d-5ef2-4d0f-86cb-759dec63adea,2026-01-09 01:02:41.585115+00,,2502,A02,2277,2233,453882,4326979,800642440,TARAHUMARA PIPELINE S DE RL DE CV,,,,GASODUCTO CORREDOR CHIHUAHUA,,servicio,USD,SREN-04/2015,,FE-05,,,false,CVT,2154.55,344.73,2499.28,180000060,2015-01-08,14.850000,31990.54,5118.49,37109.03,,
3572c043-f787-457f-947e-45f57d9a0488,2026-01-09 01:02:41.585115+00,,N000,A01,N306,2280,453851,4326979,800912796,TARAHUMARA PIPELINE S DE RL DE CV,,,,GASODUCTO CORREDOR CHIHUAHUA-INTERCONEXION ENCINO,,servicio,USD,SREN-FP-011/2022,,803 FE,,,false,CFT,447053.49,71528.56,518582.05,180000061,2022-01-10,20.400000,9118862.97,1459018.08,10577881.05,,
8016af6d-7a4a-4ef1-b577-2d44e674b431,2026-01-09 01:02:41.585115+00,,N000,A01,N306,2281,453659,4326979,800912837,TARAHUMARA PIPELINE S DE RL DE CV,,,,GASODUCTO CORREDOR CHIHUAHUA,,servicio,USD,SREN-FP-011/2022,,812 FE,,,false,CVT,2603.59,416.57,3020.16,180000063,2022-01-10,20.400000,53107.25,8497.16,61604.41,,
2afc1960-e165-495c-8651-dce1e19e7475,2026-01-09 01:02:41.585115+00,,N000,A01,N306,2281,453659,4326979,800912837,TARAHUMARA PIPELINE S DE RL DE CV,,,,GASODUCTO CORREDOR CHIHUAHUA,,servicio,USD,SREN-FP-011/2022,,810 FE,,,false,CVT,2168.81,347.01,2515.82,180000065,2022-01-10,20.400000,44238.74,7078.20,51316.93,,
0aadfd83-1bc4-44e1-a6f2-0cb801e6cddb,2026-01-09 01:02:41.585115+00,,N000,A01,N306,2281,453659,4326979,800912837,TARAHUMARA PIPELINE S DE RL DE CV,,,,GASODUCTO CORREDOR CHIHUAHUA,,servicio,USD,SREN-FP-011/2022,,811 FE,,,false,CVT,111.06,17.77,128.83,180000067,2022-01-10,20.400000,2265.37,362.46,2627.83,,
df461375-6795-48e6-a427-949af5a70eb3,2026-01-09 01:02:41.585115+00,,N000,A01,N306,2280,453851,4326979,800874933,TARAHUMARA PIPELINE S DE RL DE CV,,,,GASODUCTO CORREDOR CHIHUAHUA,,servicio,USD,SREN-FP-006/2020,,474 FE,,,false,CFT,4753878.64,760620.58,5514499.22,180000068,2020-01-10,18.827000,89501273.12,14320203.70,103821476.81,,
d648ad1a-3663-4e25-8a86-1809049458f3,2026-01-09 01:02:41.585115+00,,N000,A01,N306,2281,453659,4326979,800912837,TARAHUMARA PIPELINE S DE RL DE CV,,,,GASODUCTO CORREDOR CHIHUAHUA,,servicio,USD,SREN-FP-011/2022,,813 FE,,,false,CVT,682.60,109.22,791.82,180000068,2022-01-10,20.400000,13923.47,2227.76,16151.23,,
b5af2c2d-b24c-4016-b82d-c795a6f8fe8e,2026-01-09 01:02:41.585115+00,,N000,A01,N306,2281,453659,4326979,800874989,TARAHUMARA PIPELINE S DE RL DE CV,,,,GASODUCTO CORREDOR CHIHUAHUA,,servicio,USD,SREN-FP-006/2020,,474 FE,,,false,CVT,2148.01,343.68,2491.69,180000069,2020-01-10,18.827000,40440.56,6470.49,46911.05,,
9573a344-3982-4306-b3bb-1ea6ffa67a80,2026-01-09 01:02:41.585115+00,,N000,A01,N306,2280,453851,4326979,800874975,TARAHUMARA PIPELINE S DE RL DE CV,,,,GASODUCTO CORREDOR CHIHUAHUA-INTERCONEXION ENCINO,,servicio,USD,SREN-FP-006/2020,,475 FE,,,false,CFT,447053.49,71528.56,518582.05,180000070,2020-01-10,18.827000,8416676.08,1346668.17,9763344.26,,
a0191571-1171-4974-8406-6753d5661fbe,2026-01-09 01:02:41.585115+00,,N000,A01,N306,2281,453659,4326979,800874989,TARAHUMARA PIPELINE S DE RL DE CV,,,,GASODUCTO CORREDOR CHIHUAHUA,,servicio,USD,SREN-FP-006/2020,,476 FE,,,false,CVT,3260.62,521.70,3782.32,180000072,2020-01-10,18.827000,61387.71,9822.03,71209.74,,
ab8c42b3-9ff4-4fde-9ce7-d3725d1ed903,2026-01-09 01:02:41.585115+00,,N000,A01,N306,2281,453659,4326979,800874989,TARAHUMARA PIPELINE S DE RL DE CV,,,,GASODUCTO CORREDOR CHIHUAHUA,,servicio,USD,SREN-FP-006/2020,,477 FE,,,false,CVT,424.26,67.88,492.14,180000074,2020-01-10,18.827000,7987.52,1278.00,9265.52,,
f4168afe-4fde-40c0-8332-eff936428c94,2026-01-09 01:02:41.585115+00,,N000,A01,N306,7A13,453857,4326979,800832451,TARAHUMARA PIPELINE S DE RL DE CV,,,,GASODUCTO CORREDOR CHIHUAHUA,,servicio,USD,SREN-FP-334/2017,,FE-224,,,false,CFT,4659430.72,745508.92,5404939.64,180000078,2017-10-05,18.211300,84854290.67,13576686.51,98430977.18,,
b0bbfad4-2d2a-49b7-8b7f-54a6deb5ed94,2026-01-09 01:02:41.585115+00,,N000,A01,N306,7A14,453858,4326979,800832773,TARAHUMARA PIPELINE S DE RL DE CV,,,,GASODUCTO CORREDOR CHIHUAHUA,,servicio,USD,SREN-FP-334/2017,,FE-224,,,false,CVT,1540.10,246.42,1786.52,180000079,2017-10-05,18.211300,28047.22,4487.56,32534.78,,
0328c9d4-f8fe-4570-a461-db30425c62f1,2026-01-09 01:02:41.585115+00,,N000,A01,N306,2280,453851,4326979,800912792,TARAHUMARA PIPELINE S DE RL DE CV,,,,GASODUCTO CORREDOR CHIHUAHUA,,servicio,USD,SREN-FP-08/2021,,661 FE,,,false,CFT,4690913.36,750546.14,5441459.50,180000129,2021-01-13,19.725000,92528266.03,14804522.56,107332788.59,,
6b0f003b-e4e2-4ac7-8747-0deb418eb5e4,2026-01-09 01:02:41.585115+00,,N000,A01,N306,2281,453659,4326979,800912837,TARAHUMARA PIPELINE S DE RL DE CV,,,,GASODUCTO CORREDOR CHIHUAHUA,,servicio,USD,SREN-FP-08/2021,,661 FE,,,false,CVT,2133.36,341.34,2474.70,180000130,2021-01-13,19.970500,42604.27,6816.68,49420.95,,
eef6f0f3-5fd5-4cdd-9e2d-024ce39b5e36,2026-01-09 01:02:41.585115+00,,N000,A01,N306,2280,453851,4326979,800912796,TARAHUMARA PIPELINE S DE RL DE CV,,,,GASODUCTO CORREDOR CHIHUAHUA-INTERCONEXION ENCINO,,servicio,USD,SREN-FP-08/2021,,662 FE,,,false,CFT,447053.49,71528.56,518582.05,180000131,2021-01-13,19.725000,8818130.09,1410900.81,10229030.90,,
e0f1a3e4-0ded-4ae1-b41b-581d58d49ece,2026-01-09 01:02:41.585115+00,,N000,A01,N306,2281,453659,4326979,800912837,TARAHUMARA PIPELINE S DE RL DE CV,,,,GASODUCTO CORREDOR CHIHUAHUA,,servicio,USD,SREN-FP-08/2021,,663 FE,,,false,CVT,545.11,87.22,632.33,180000132,2021-01-13,19.970500,10886.12,1741.78,12627.90,,
aa4b1e48-9763-4c63-be76-9383e579645c,2026-01-09 01:02:41.585115+00,,N000,A01,N306,2281,453659,4326979,800912837,TARAHUMARA PIPELINE S DE RL DE CV,,,,GASODUCTO CORREDOR CHIHUAHUA,,servicio,USD,SREN-FP-08/2021,,664 FE,,,false,CVT,88.15,14.10,102.25,180000133,2021-01-13,19.970500,1760.40,281.66,2042.06,,
dfd82873-3925-406c-bc05-98a6ce0d42f9,2026-01-09 01:02:41.585115+00,,N000,A01,N306,2281,453659,4326979,800912837,TARAHUMARA PIPELINE S DE RL DE CV,,,,GASODUCTO CORREDOR CHIHUAHUA,,servicio,USD,SREN-FP-08/2021,,665 FE,,,false,CVT,421.11,67.38,488.49,180000134,2021-01-13,19.970500,8409.78,1345.56,9755.34,,
778cb036-6db6-48d9-8932-5d6334329429,2026-01-09 01:02:41.585115+00,,2502,A02,2277,2233,453882,4326979,800642440,TARAHUMARA PIPELINE S DE RL DE CV,,,,GASODUCTO CORREDOR CHIHUAHUA,,servicio,USD,SREN-FP-002/2016,,FE-54,,,false,CFT,4627948.08,740471.69,5368419.77,180000150,2016-01-14,17.910000,82895343.21,13263254.91,96158598.13,,
0397e4fa-f57d-44c7-8067-1d71ad086899,2026-01-09 01:02:41.585115+00,,2502,A02,2277,7241,453882,4326979,800642440,TARAHUMARA PIPELINE S DE RL DE CV,,,,GASODUCTO CORREDOR CHIHUAHUA,,servicio,USD,SREN-FP-002/2016,,FE-54,,,false,CVT,2100.67,336.11,2436.78,180000150,2016-01-14,17.910000,37626.99,6020.32,43647.31,,
9efab046-689b-41f6-b29c-4e67dc193619,2026-01-09 01:02:41.585115+00,,2502,A02,2277,2233,453882,4326979,800642440,TARAHUMARA PIPELINE S DE RL DE CV,,,,GASODUCTO CORREDOR CHIHUAHUA,,servicio,USD,SREN-FP-008/2017,,FE 139,,,false,CFT,4211432.75,673829.24,4885261.99,180000164,2017-01-10,21.310000,89764162.21,14362265.95,104126428.16,,
0221dd05-a38b-42a1-a859-b9da0066047f,2026-01-09 01:02:41.585115+00,,2502,A02,2044,7241,453882,4326979,800762390,TARAHUMARA PIPELINE S DE RL DE CV,,,,GASODUCTO CORREDOR CHIHUAHUA,,servicio,USD,SREN-FP-008/2017,,FE 139,,,false,CVT,418498.38,66959.74,485458.12,180000165,2017-01-10,17.850000,7470196.07,1195231.37,8665427.44,,
154ac84a-628c-450e-b25c-369fe8768ee2,2026-01-09 01:02:41.585115+00,,2502,,,,,4326979,800642440,TARAHUMARA PIPELINE S DE RL DE CV,,,,GASODUCTO CORREDOR CHIHUAHUA,,servicio,USD,SREN-000003,,10,,,false,CVT,2004.88,320.78,2325.66,180000189,,13.140000,26344.72,4215.16,30559.88,,
3b4b9048-1bd1-4402-ac54-e912540002ce,2026-01-09 01:02:41.585115+00,,2502,,,,,4326979,800642440,TARAHUMARA PIPELINE S DE RL DE CV,,,,GASODUCTO CORREDOR CHIHUAHUA,,servicio,USD,SREN-000003,,10,,,false,CFT,2667629.03,426820.64,3094449.67,180000189,,13.140000,35053445.74,5608551.32,40661997.06,,
4f9f359c-b7c4-46c3-bb72-0e7d0afa94ac,2026-01-09 01:02:41.585115+00,,N000,A01,N306,2280,453851,4326979,800912792,TARAHUMARA PIPELINE S DE RL DE CV,,,,GASODUCTO CORREDOR CHIHUAHUA,,servicio,USD,SREN-FP-023/2020,,483 FE,,,false,CFT,4690913.36,750546.14,5441459.50,180000281,2020-02-12,18.765300,88026396.51,14084223.44,102110619.96,,
b0b627a2-ad46-4199-9e7d-5236fe301fac,2026-01-09 01:02:41.585115+00,,N000,A01,N306,2280,453851,4326979,800912792,TARAHUMARA PIPELINE S DE RL DE CV,,,,GASODUCTO CORREDOR CHIHUAHUA,,servicio,USD,SREN-FP-018/2021,,673 FE,,,false,CFT,4690913.36,750546.14,5441459.50,180000282,2021-02-10,20.216800,94835257.22,15173641.15,110008898.37,,
2e730b61-4e5d-451e-b75f-bc3b54986fae,2026-01-09 01:02:41.585115+00,,N000,A01,N306,2281,453659,4326979,800912837,TARAHUMARA PIPELINE S DE RL DE CV,,,,GASODUCTO CORREDOR CHIHUAHUA,,servicio,USD,SREN-FP-018/2021,,673 FE,,,false,CVT,2134.56,341.53,2476.09,180000283,2021-02-10,20.216800,43153.97,6904.64,50058.61,,
d4978ea9-443e-4888-8637-feef413a84aa,2026-01-09 01:02:41.585115+00,,N000,A01,N306,2280,453851,4326979,800812796,TARAHUMARA PIPELINE S DE RL DE CV,,,,GASODUCTO CORREDOR CHIHUAHUA-INTERCONEXION ENCINO,,servicio,USD,SREN-FP-023/2020,,484 FE,,,false,CFT,447053.49,71528.56,518582.05,180000285,2020-02-12,18.765300,8389092.88,1342254.86,9731347.74,,
08ef8649-ca57-4754-8749-a5c0ef7c8640,2026-01-09 01:02:41.585115+00,,N000,A01,N306,2280,453851,4326979,800912796,TARAHUMARA PIPELINE S DE RL DE CV,,,,GASODUCTO CORREDOR CHIHUAHUA-INTERCONEXION ENCINO,,servicio,USD,SREN-FP-018/2021,,674 FE,,,false,CFT,447053.49,71528.56,518582.05,180000285,2021-02-10,20.216800,9037991.00,1446078.56,10484069.56,,
2738c98d-a10f-4e09-8b86-0155b8464866,2026-01-09 01:02:41.585115+00,,N000,A01,N306,2281,453659,4326979,800912837,TARAHUMARA PIPELINE S DE RL DE CV,,,,GASODUCTO CORREDOR CHIHUAHUA,,servicio,USD,SREN-FP-018/2021,,675 FE,,,false,CVT,307.37,49.18,356.55,180000286,2021-02-10,20.216800,6214.04,994.25,7208.28,,
1007ca61-608f-4530-896c-43e543bf815e,2026-01-09 01:02:41.585115+00,,N000,A01,N306,2281,453659,4326976,800874989,TARAHUMARA PIPELINE S DE RL DE CV,,,,GASODUCTO CORREDOR CHIHUAHUA,,servicio,USD,SREN-028/2019,,369 FE,,,false,CVT,297.69,47.63,345.32,180000287,2019-02-11,19.080000,5679.92,908.79,6588.71,,
b34af1ad-0b6f-4ff9-bec8-a975f5abbbba,2026-01-09 01:02:41.585115+00,,N000,A01,N306,2281,453659,4326979,800912837,TARAHUMARA PIPELINE S DE RL DE CV,,,,GASODUCTO CORREDOR CHIHUAHUA,,servicio,USD,SREN-FP-018/2021,,676 FE,,,false,CVT,127.83,20.45,148.28,180000288,2021-02-10,20.216800,2584.31,413.49,2997.80,,
4b8e24b5-8fe4-4a83-b1c4-99f49f0c15e1,2026-01-09 01:02:41.585115+00,,N000,A01,N306,2281,453659,4326979,800874989,TARAHUMARA PIPELINE S DE RL DE CV,,,,GASODUCTO CORREDOR CHIHUAHUA,,servicio,USD,SREN-028/2019,,370 FE,,,false,CVT,549.19,87.87,637.06,180000289,2019-02-11,19.080000,10478.54,1676.57,12155.10,,
6f2715e4-0135-436a-b533-0a206c4920bb,2026-01-09 01:02:41.585115+00,,N000,A01,N306,2281,453659,4326979,800912837,TARAHUMARA PIPELINE S DE RL DE CV,,,,GASODUCTO CORREDOR CHIHUAHUA,,servicio,USD,SREN-FP-018/2021,,677 FE,,,false,CVT,860.18,137.63,997.81,180000289,2021-02-10,20.216800,17390.09,2782.41,20172.50,,
5356ade2-3a3a-48e6-8db9-4c4c145703dc,2026-01-09 01:02:41.585115+00,,N000,A01,N306,2280,453851,4326979,800874975,TARAHUMARA PIPELINE S DE RL DE CV,,,,GASODUCTO CORREDOR CHIHUAHUA-INTERCONEXION ENCINO,,servicio,USD,SREN-028/2019,,367 FE,,,false,CFT,447053.49,71528.56,518582.05,180000291,2019-02-11,19.080000,8529780.62,1364764.90,9894545.51,,
09b3794e-0a52-48ad-9ff4-760422c1364b,2026-01-09 01:02:41.585115+00,,N000,A01,N306,2281,453659,4326979,800874989,TARAHUMARA PIPELINE S DE RL DE CV,,,,GASODUCTO CORREDOR CHIHUAHUA,,servicio,USD,SREN-028/2019,,368 FE,,,false,CVT,3166.49,506.64,3673.13,180000292,2019-02-11,19.080000,60416.66,9666.66,70083.32,,
de0b7aa4-7bde-432c-831b-8606fef71bb8,2026-01-09 01:02:41.585115+00,,N000,A01,N306,2280,453851,4326979,800874933,TARAHUMARA PIPELINE S DE RL DE CV,,,,GASODUCTO CORREDOR CHIHUAHUA,,servicio,USD,SREN-028/2019,,366 FE,,,false,CFT,4753878.64,760620.58,5514499.22,180000294,2019-02-11,19.080000,90704004.41,14512640.71,105216645.12,,
ff6827cd-144c-4962-97bf-4a8835a114d6,2026-01-09 01:02:41.585115+00,,N000,A01,N306,2281,453659,4326979,800874989,TARAHUMARA PIPELINE S DE RL DE CV,,,,GASODUCTO CORREDOR CHIHUAHUA,,servicio,USD,SREN-028/2019,,366 FE,,,false,CVT,2240.39,358.46,2598.85,180000296,2019-02-11,19.080000,42746.60,6839.46,49586.06,,
a30a3ba2-97bd-4c1f-88ba-5b76c9671b50,2026-01-09 01:02:41.585115+00,,N000,A01,N306,2233,453882,4326979,800832451,TARAHUMARA PIPELINE S DE RL DE CV,,,,GASODUCTO CORREDOR CHIHUAHUA,,servicio,USD,SREN-FP-085/2018,,FE-257,,,false,CFT,4240081.97,678413.11,4918495.08,180000297,2018-02-12,18.881500,80059107.63,12809457.22,92868564.85,,
1e601a8b-7ed3-40d5-bb6b-5becf055a73f,2026-01-09 01:02:41.585115+00,,N000,A01,N306,2233,453882,4326979,800832451,TARAHUMARA PIPELINE S DE RL DE CV,,,,GASODUCTO CORREDOR CHIHUAHUA,,servicio,USD,SREN-FP-085/2018,,FE-257,,,false,CFT,419348.76,67095.80,486444.56,180000298,2018-02-12,18.881500,7917933.59,1266869.37,9184802.96,,
56b89883-fc00-4c57-9d68-af145f49d1f0,2026-01-09 01:02:41.585115+00,,N000,A01,N306,2233,453888,4326979,800832773,TARAHUMARA PIPELINE S DE RL DE CV,,,,GASODUCTO CORREDOR CHIHUAHUA,,servicio,USD,SREN-FP-085/2018,,FE-257,,,false,CVT,2063.20,330.11,2393.31,180000299,2018-02-12,18.881500,38956.28,6233.00,45189.28,,
f8951521-dfcf-463c-82ef-bedc9bcd0b34,2026-01-09 01:02:41.585115+00,,N000,A01,N306,2281,453658,4326979,800912792,TARAHUMARA PIPELINE S DE RL DE CV,,,,GASODUCTO CORREDOR CHIHUAHUA,,servicio,USD,SREN-FP-044/2024,,1114 FE,,,false,CFT,4722396.00,755583.36,5477979.36,180000302,2024-03-13,17.035700,80449321.54,12871891.45,93321212.98,,
c5fbff1f-045b-422e-9c00-918b17583bde,2026-01-09 01:02:41.585115+00,,N000,A01,N306,2281,453658,4326979,800912796,TARAHUMARA PIPELINE S DE RL DE CV,,,,GASODUCTO CORREDOR CHIHUAHUA-INTERCONEXION ENCINO,,servicio,USD,SREN-FP-044/2024,,1116 FE,,,false,CFT,447053.49,71528.56,518582.05,180000304,2024-03-13,17.035700,7615869.14,1218539.06,8834408.20,,
b5c96340-94bb-4ba2-9f7d-5e18b9a0bdd3,2026-01-09 01:02:41.585115+00,,N000,A01,N306,2280,453658,4326979,800912792,TARAHUMARA PIPELINE S DE RL DE CV,,,,GASODUCTO CORREDOR CHIHUAHUA,,servicio,USD,SREN-FP-024/2022,,822 FE,,,false,CFT,4785361.28,765657.80,5551019.08,180000305,2022-02-09,20.556200,98368843.54,15739014.97,114107858.51,,
9fc5e3c5-c4fe-4e24-8d34-0c7e20bc265d,2026-01-09 01:02:41.585115+00,,N000,A01,N306,2281,453659,4326979,800912837,TARAHUMARA PIPELINE S DE RL DE CV,,,,GASODUCTO CORREDOR CHIHUAHUA,,servicio,USD,SREN-FP-023/2020,,483 FE,,,false,CVT,2119.32,339.09,2458.41,180000306,2020-02-12,18.765300,39769.66,6363.14,46132.80,,
4c5ae836-f9db-4182-b84d-47efd2de7912,2026-01-09 01:02:41.585115+00,,N000,A01,N306,2280,453658,4326979,800912796,TARAHUMARA PIPELINE S DE RL DE CV,,,,GASODUCTO CORREDOR CHIHUAHUA-INTERCONEXION ENCINO,,servicio,USD,SREN-FP-024/2022,,819 FE,,,false,CFT,447053.49,71528.56,518582.05,180000306,2022-02-09,20.556200,9189720.95,1470355.35,10660076.30,,
3aaa43f4-0bf1-4fe6-8228-3b79e12c1270,2026-01-09 01:02:41.585115+00,,N000,A01,N306,2281,453659,4326979,800912837,TARAHUMARA PIPELINE S DE RL DE CV,,,,GASODUCTO CORREDOR CHIHUAHUA,,servicio,USD,SREN-FP-023/2020,,485 FE,,,false,CVT,3108.30,497.33,3605.63,180000307,2020-02-13,18.765300,58328.21,9332.51,67660.73,,
c21bc941-38d1-44b5-b6b7-5598fb648dcd,2026-01-09 01:02:41.585115+00,,N000,A01,N306,2281,453659,4326979,800912837,TARAHUMARA PIPELINE S DE RL DE CV,,,,GASODUCTO CORREDOR CHIHUAHUA,,servicio,USD,SREN-FP-024/2022,,823 FE,,,false,CVT,2645.18,423.23,3068.41,180000307,2022-02-09,20.556200,54374.85,8699.98,63074.82,,
7d8253f5-a151-46cd-8665-6788cdd04637,2026-01-09 01:02:41.585115+00,,N000,A01,N306,2281,453659,4326979,800912837,TARAHUMARA PIPELINE S DE RL DE CV,,,,GASODUCTO CORREDOR CHIHUAHUA,,servicio,USD,SREN-FP-044/2024,,1115 FE,,,false,CVT,2350.69,376.11,2726.80,180000307,2024-03-13,17.035700,40045.65,6407.30,46452.95,,
1c7b807e-d010-4f8f-83c5-65d53d3ea084,2026-01-09 01:02:41.585115+00,,N000,A01,N306,2281,453659,4326979,800912837,TARAHUMARA PIPELINE S DE RL DE CV,,,,GASODUCTO CORREDOR CHIHUAHUA,,servicio,USD,SREN-FP-024/2022,,820 FE,,,false,CVT,2205.74,352.92,2558.66,180000308,2022-02-09,20.556200,45341.63,7254.66,52596.29,,
dd2194c1-99e8-48e4-8227-d6355ba657a6,2026-01-09 01:02:41.585115+00,,N000,A01,N306,2281,453659,4326979,800912837,TARAHUMARA PIPELINE S DE RL DE CV,,,,GASODUCTO CORREDOR CHIHUAHUA,,servicio,USD,SREN-FP-023/2020,,486 FE,,,false,CVT,317.71,50.83,368.54,180000309,2020-02-13,18.765300,5961.87,953.90,6915.76,,
605feb94-06c5-4968-afb8-38cf509f31c9,2026-01-09 01:02:41.585115+00,,N000,A01,N306,2281,453659,4326979,800912837,TARAHUMARA PIPELINE S DE RL DE CV,,,,GASODUCTO CORREDOR CHIHUAHUA,,servicio,USD,SREN-FP-024/2022,,824 FE,,,false,CVT,2520.09,403.21,2923.30,180000309,2022-02-09,20.556200,51803.47,8288.56,60092.03,,
e5f9d113-61d6-43dc-bc00-1d126f613de3,2026-01-09 01:02:41.585115+00,,N000,A01,N306,2281,453659,4326979,800912837,TARAHUMARA PIPELINE S DE RL DE CV,,,,GASODUCTO CORREDOR CHIHUAHUA,,servicio,USD,SREN-FP-044/2024,,1117 FE,,,false,CVT,3234.51,517.52,3752.03,180000309,2024-03-13,17.035700,55102.14,8816.34,63918.48,,
de620048-5546-4970-b78f-76ad1ce370a2,2026-01-09 01:02:41.585115+00,,N000,A01,N306,2281,453659,4326979,800912837,TARAHUMARA PIPELINE S DE RL DE CV,,,,GASODUCTO CORREDOR CHIHUAHUA,,servicio,USD,SREN-FP-024/2022,,821 FE,,,false,CVT,108.58,17.37,125.95,180000310,2022-02-09,20.556200,2231.99,357.12,2589.11,,
aeb39bb9-26a5-4079-9a1b-bfe3ddf29452,2026-01-09 01:02:41.585115+00,,N000,A01,N306,2281,453659,4326979,800912837,TARAHUMARA PIPELINE S DE RL DE CV,,,,GASODUCTO CORREDOR CHIHUAHUA,,servicio,USD,SREN-FP-044/2024,,1118 FE,,,false,CVT,540.87,86.54,627.41,180000310,2024-03-13,17.035700,9214.10,1474.26,10688.35,,
ab2e1f97-3064-426f-b5c6-26225402e692,2026-01-09 01:02:41.585115+00,,N000,A01,N306,2281,453659,4326979,800912837,TARAHUMARA PIPELINE S DE RL DE CV,,,,GASODUCTO CORREDOR CHIHUAHUA,,servicio,USD,SREN-FP-044/2024,,1119 FE,,,false,CVT,4778.80,764.61,5543.41,180000311,2024-03-13,17.035700,81410.20,13025.63,94435.84,,
ea30ef9f-f952-4b92-825d-ab1083faea3e,2026-01-09 01:02:41.585115+00,,N000,A01,N306,2281,453659,4326979,800912837,TARAHUMARA PIPELINE S DE RL DE CV,,,,GASODUCTO CORREDOR CHIHUAHUA,,servicio,USD,SREN-FP-044/2024,,1120 FE,,,false,CVT,103.55,16.57,120.12,180000312,2024-02-09,17.035700,1764.05,282.25,2046.29,,
9634b694-3bb8-4a1e-83c6-c4bc54b54529,2026-01-09 01:02:41.585115+00,,N000,A01,N306,2281,453659,4326979,800912792,TARAHUMARA PIPELINE S DE RL DE CV,,,,GASODUCTO CORREDOR CHIHUAHUA,,servicio,USD,SREN-FP-039/2023,,969 FE,,,false,CFT,4722396.00,755583.36,5477979.36,180000329,2023-02-15,18.623200,87946125.19,14071380.03,102017505.22,,
1f23da55-dd52-4647-92cf-875d3224cc56,2026-01-09 01:02:41.585115+00,,N000,A01,N306,2280,453658,4326979,800912796,TARAHUMARA PIPELINE S DE RL DE CV,,,,GASODUCTO CORREDOR CHIHUAHUA-INTERCONEXION ENCINO,,servicio,USD,SREN-FP-039/2023,,964 FE,,,false,CFT,447053.49,71528.56,518582.05,180000330,2023-02-15,18.623200,8325566.55,1332090.65,9657657.20,,
767e6e19-c15d-49d7-b2e2-ccbecedd2247,2026-01-09 01:02:41.585115+00,,N000,A01,N306,2281,453659,4326979,800912837,TARAHUMARA PIPELINE S DE RL DE CV,,,,GASODUCTO CORREDOR CHIHUAHUA,,servicio,USD,SREN-FP-039/2023,,966 FE,,,false,CVT,434.36,69.50,503.86,180000331,2023-02-15,18.623200,8089.17,1294.27,9383.44,,
3efe573f-5fbb-4eaa-8be0-2ecde7dbc4da,2026-01-09 01:02:41.585115+00,,N000,A01,N306,2281,453659,4326979,800912837,TARAHUMARA PIPELINE S DE RL DE CV,,,,GASODUCTO CORREDOR CHIHUAHUA,,servicio,USD,SREN-FP-039/2023,,965 FE,,,false,CVT,3682.36,589.18,4271.54,180000332,2023-02-15,18.623200,68577.33,10972.37,79549.70,,
0faf184c-ec02-4ef6-bf33-cc507307f7f2,2026-01-09 01:02:41.585115+00,,N000,A01,N306,2281,453659,4326979,800912837,TARAHUMARA PIPELINE S DE RL DE CV,,,,GASODUCTO CORREDOR CHIHUAHUA,,servicio,USD,SREN-FP-039/2023,,968 FE,,,false,CVT,2632.50,421.20,3053.70,180000333,2023-02-15,18.623200,49025.57,7844.09,56869.67,,
67d26fea-8f40-4b4a-a812-563277918cfa,2026-01-09 01:02:41.585115+00,,N000,A01,N306,2280,453658,4326979,800912796,TARAHUMARA PIPELINE S DE RL DE CV,,,,GASODUCTO CORREDOR CHIHUAHUA-INTERCONEXION ENCINO,,servicio,USD,SREN-FP-039/2025,,1302 FE,,,false,CFT,447053.49,71528.56,518582.05,180000368,2024-12-19,20.512500,9170184.71,1467229.55,10637414.27,,
3a0c523b-5f2f-4ba9-830f-0be805c96bb0,2026-01-09 01:02:41.585115+00,,N000,A01,N306,2280,453658,4326979,800912792,TARAHUMARA PIPELINE S DE RL DE CV,,,,GASODUCTO CORREDOR CHIHUAHUA,,servicio,USD,SREN-FP-039/2025,,1303 FE,,,false,CFT,5540944.64,886551.14,6427495.78,180000369,2025-02-12,20.512500,113658626.93,18185380.31,131844007.24,,
f2b39240-de41-4d32-b066-f511e9d7a3b4,2026-01-09 01:02:41.585115+00,,N000,A01,N306,2281,453659,4326979,800912837,TARAHUMARA PIPELINE S DE RL DE CV,,,,GASODUCTO CORREDOR CHIHUAHUA,,servicio,USD,SREN-FP-039/2025,,1304 FE,,,false,CVT,3530.12,564.82,4094.94,180000370,2024-12-19,20.512500,72411.59,11585.85,83997.44,,
b65a0081-bb6f-4509-9d6b-7bcbe50aea36,2026-01-09 01:02:41.585115+00,,N000,A01,N306,2281,453659,4326979,800912837,TARAHUMARA PIPELINE S DE RL DE CV,,,,GASODUCTO CORREDOR CHIHUAHUA,,servicio,USD,SREN-FP-039/2025,,1305 FE,,,false,CVT,1977.41,316.39,2293.80,180000371,2024-12-19,20.512500,40561.62,6489.86,47051.48,,
023d3101-5e22-4118-83ea-d7a510f719dc,2026-01-09 01:02:41.585115+00,,N000,A01,N306,2281,453659,4326979,800912837,TARAHUMARA PIPELINE S DE RL DE CV,,,,GASODUCTO CORREDOR CHIHUAHUA,,servicio,USD,SREN-FP-039/2025,,1306 FE,,,false,CVT,8312.20,1329.95,9642.15,180000372,2024-12-19,20.512500,170504.00,27280.64,197784.64,,
32d885f3-ae77-4881-8daa-4ef0aa15c411,2026-01-09 01:02:41.585115+00,,N000,A01,N306,2281,453659,4326979,800912837,TARAHUMARA PIPELINE S DE RL DE CV,,,,GASODUCTO CORREDOR CHIHUAHUA,,servicio,USD,SREN-FP-039/2025,,1307 FE,,,false,CVT,493.97,79.04,573.01,180000373,2024-12-19,20.512500,10132.56,1621.21,11753.77,,
8f4bbcf0-2c26-43d7-99d6-aee5ae8538c9,2026-01-09 01:02:41.585115+00,,N000,A01,N306,2280,453851,4326979,800912792,TARAHUMARA PIPELINE S DE RL DE CV,,,,GASODUCTO CORREDOR CHIHUAHUA,,servicio,USD,SREN-FP-042/2021,,688 FE,,,false,CFT,4690913.36,750546.14,5441459.50,180000512,2021-03-10,20.475200,96047389.23,15367582.28,111414971.51,,
236e43f1-c37d-4a1e-917a-6a52d5330228,2026-01-09 01:02:41.585115+00,,N000,A01,N306,2281,453659,4326979,800912837,TARAHUMARA PIPELINE S DE RL DE CV,,,,GASODUCTO CORREDOR CHIHUAHUA,,servicio,USD,SREN-FP-042/2021,,688 FE,,,false,CVT,1689.49,270.32,1959.81,180000514,2021-03-10,20.895700,35303.08,5648.49,40951.57,,
ef8d97a9-5090-4a46-85fd-d1da73adff41,2026-01-09 01:02:41.585115+00,,N000,A01,N306,2280,453851,4326979,800912796,TARAHUMARA PIPELINE S DE RL DE CV,,,,GASODUCTO CORREDOR CHIHUAHUA-INTERCONEXION ENCINO,,servicio,USD,SREN-FP-042/2021,,685 FE,,,false,CFT,447053.49,71528.56,518582.05,180000515,2021-03-10,20.475200,9153509.62,1464561.54,10618071.16,,
3cc88135-ffca-4303-b30a-0bd3b27a4c80,2026-01-09 01:02:41.585115+00,,N000,A01,N306,2281,453659,4326979,800912837,TARAHUMARA PIPELINE S DE RL DE CV,,,,GASODUCTO CORREDOR CHIHUAHUA,,servicio,USD,SREN-FP-042/2021,,686 FE,,,false,CVT,933.51,149.36,1082.87,180000516,2021-03-10,20.895600,19506.25,3121.00,22627.25,,
ff1f0d25-80e2-4c35-949c-d3b404b07b3a,2026-01-09 01:02:41.585115+00,,N000,A01,N306,2281,453659,4326979,800912837,TARAHUMARA PIPELINE S DE RL DE CV,,,,GASODUCTO CORREDOR CHIHUAHUA,,servicio,USD,SREN-FP-042/2021,,687 FE,,,false,CVT,80.15,12.82,92.97,180000518,2021-03-10,20.895600,1674.78,267.97,1942.75,,
cf29585b-5365-44e4-9afc-dc2d8abefb39,2026-01-09 01:02:41.585115+00,,N000,A01,N306,2281,453659,4326979,800912837,TARAHUMARA PIPELINE S DE RL DE CV,,,,GASODUCTO CORREDOR CHIHUAHUA,,servicio,USD,SREN-FP-042/2021,,689 FE,,,false,CVT,699.29,111.89,811.18,180000519,2021-03-10,20.895600,14612.08,2337.93,16950.02,,
92676a29-0d24-4e65-954d-d921aa5ea98d,2026-01-09 01:02:41.585115+00,,N000,A01,N306,2280,453851,4326979,800874933,TARAHUMARA PIPELINE S DE RL DE CV,,,,GASODUCTO CORREDOR CHIHUAHUA,,servicio,USD,SREN-045/2019,,377FE,,,false,CFT,4753878.64,760620.58,5514499.22,180000526,2019-03-11,19.522500,92807595.71,14849215.31,107656811.02,,
9d9dad22-fded-47a1-b2ac-f3969d53985e,2026-01-09 01:02:41.585115+00,,N000,A01,N306,7A13,453857,4326979,800832451,TARAHUMARA PIPELINE S DE RL DE CV,,,,GASODUCTO CORREDOR CHIHUAHUA,,servicio,USD,SREN-FP-399/2017,,FE-233,,,false,CFT,4240081.96,678413.11,4918495.07,180000528,2017-11-13,19.090000,80943164.62,12950906.34,93894070.96,,
61ebb065-6931-4501-b2d9-3b768242fe12,2026-01-09 01:02:41.585115+00,,N000,A01,N306,2280,453851,4326979,800874975,TARAHUMARA PIPELINE S DE RL DE CV,,,,GASODUCTO CORREDOR CHIHUAHUA-INTERCONEXION ENCINO,,servicio,USD,SREN-045/2019,,378 FE,,,false,CFT,447053.49,71528.56,518582.05,180000528,2019-03-11,19.522500,8727601.79,1396416.29,10124018.07,,
2b45be04-eb85-4f0f-a29c-257680ec8111,2026-01-09 01:02:41.585115+00,,N000,A01,N306,7A13,453857,4326979,800832451,TARAHUMARA PIPELINE S DE RL DE CV,,,,GASODUCTO CORREDOR CHIHUAHUA,,servicio,USD,SREN-FP-399/2017,,FE-233,,,false,CFT,419348.76,67095.80,486444.56,180000529,2017-11-13,19.090000,8005367.83,1280858.85,9286226.68,,